date,station,entrances,exits
2025-06-01,Times Sq-42 St,16876,15927
2025-06-01,Grand Central-42 St,18776,19396
2025-06-01,34 St-Penn Station,12744,13680
2025-06-01,14 St-Union Sq,6524,7262
2025-06-01,Fulton St,15193,15060
2025-06-01,42 St-Port Authority,13690,13571
2025-06-01,Herald Sq-34 St,13748,13448
2025-06-01,Canal St,7544,7146
2025-06-01,59 St-Columbus Circle,7470,8778
2025-06-01,125 St,10148,9454
2025-06-01,96 St,18883,17555
2025-06-01,86 St,19829,20388
2025-06-01,72 St,11716,10018
2025-06-01,66 St-Lincoln Center,14773,14045
2025-06-01,50 St,20919,21397
2025-06-01,28 St,13227,14034
2025-06-01,23 St,7831,8507
2025-06-01,Christopher St,17695,15825
2025-06-01,Houston St,20109,18821
2025-06-01,Spring St,9891,9569
2025-06-01,Chambers St,18483,18548
2025-06-01,Wall St,7236,6563
2025-06-01,Bowling Green,8694,7454
2025-06-01,West 4 St-Wash Sq,4979,3956
2025-06-01,Astor Pl,7675,7482
2025-06-02,Times Sq-42 St,14492,15456
2025-06-02,Grand Central-42 St,17071,15888
2025-06-02,34 St-Penn Station,12229,12348
2025-06-02,14 St-Union Sq,6172,5527
2025-06-02,Fulton St,15611,15811
2025-06-02,42 St-Port Authority,10913,12055
2025-06-02,Herald Sq-34 St,14223,14152
2025-06-02,Canal St,4101,5129
2025-06-02,59 St-Columbus Circle,5597,5752
2025-06-02,125 St,6792,6392
2025-06-02,96 St,14657,15619
2025-06-02,86 St,16677,15881
2025-06-02,72 St,9501,9379
2025-06-02,66 St-Lincoln Center,12823,11872
2025-06-02,50 St,17978,19211
2025-06-02,28 St,10889,11517
2025-06-02,23 St,7322,6302
2025-06-02,Christopher St,15527,15221
2025-06-02,Houston St,19982,19399
2025-06-02,Spring St,10549,9921
2025-06-02,Chambers St,17048,17575
2025-06-02,Wall St,8863,10073
2025-06-02,Bowling Green,8050,8171
2025-06-02,West 4 St-Wash Sq,6891,6330
2025-06-02,Astor Pl,5813,5553
2025-06-03,Times Sq-42 St,19069,18459
2025-06-03,Grand Central-42 St,18113,17592
2025-06-03,34 St-Penn Station,17261,16760
2025-06-03,14 St-Union Sq,3071,3386
2025-06-03,Fulton St,14951,14612
2025-06-03,42 St-Port Authority,14098,14070
2025-06-03,Herald Sq-34 St,12796,14516
2025-06-03,Canal St,3738,4649
2025-06-03,59 St-Columbus Circle,9408,8832
2025-06-03,125 St,5207,6443
2025-06-03,96 St,17848,18586
2025-06-03,86 St,18891,17724
2025-06-03,72 St,9462,10078
2025-06-03,66 St-Lincoln Center,13949,13779
2025-06-03,50 St,18712,18923
2025-06-03,28 St,13069,12271
2025-06-03,23 St,9763,10240
2025-06-03,Christopher St,12330,12773
2025-06-03,Houston St,16454,16036
2025-06-03,Spring St,9194,10602
2025-06-03,Chambers St,17248,16734
2025-06-03,Wall St,8369,8405
2025-06-03,Bowling Green,8843,8913
2025-06-03,West 4 St-Wash Sq,7053,7270
2025-06-03,Astor Pl,10169,10227
2025-06-04,Times Sq-42 St,17217,17029
2025-06-04,Grand Central-42 St,17238,16731
2025-06-04,34 St-Penn Station,13367,13313
2025-06-04,14 St-Union Sq,5474,4884
2025-06-04,Fulton St,15072,14948
2025-06-04,42 St-Port Authority,19159,20092
2025-06-04,Herald Sq-34 St,15304,14151
2025-06-04,Canal St,4582,3768
2025-06-04,59 St-Columbus Circle,6926,8357
2025-06-04,125 St,5433,5947
2025-06-04,96 St,19078,19055
2025-06-04,86 St,16808,17251
2025-06-04,72 St,8903,10497
2025-06-04,66 St-Lincoln Center,12764,13953
2025-06-04,50 St,19408,20437
2025-06-04,28 St,12305,11277
2025-06-04,23 St,8862,8491
2025-06-04,Christopher St,13385,13346
2025-06-04,Houston St,18508,18737
2025-06-04,Spring St,13278,14572
2025-06-04,Chambers St,14495,15495
2025-06-04,Wall St,12087,12115
2025-06-04,Bowling Green,8148,8100
2025-06-04,West 4 St-Wash Sq,6268,5089
2025-06-04,Astor Pl,6338,6272
2025-06-05,Times Sq-42 St,18893,19036
2025-06-05,Grand Central-42 St,16186,15977
2025-06-05,34 St-Penn Station,14322,15740
2025-06-05,14 St-Union Sq,4090,3793
2025-06-05,Fulton St,16114,16639
2025-06-05,42 St-Port Authority,13053,12658
2025-06-05,Herald Sq-34 St,16940,16230
2025-06-05,Canal St,6286,6868
2025-06-05,59 St-Columbus Circle,6794,5904
2025-06-05,125 St,6855,5463
2025-06-05,96 St,19315,21087
2025-06-05,86 St,17351,17392
2025-06-05,72 St,9791,9485
2025-06-05,66 St-Lincoln Center,13241,13198
2025-06-05,50 St,16564,16922
2025-06-05,28 St,11923,12181
2025-06-05,23 St,7192,6742
2025-06-05,Christopher St,14305,13662
2025-06-05,Houston St,17270,17633
2025-06-05,Spring St,12054,11013
2025-06-05,Chambers St,15275,15544
2025-06-05,Wall St,11419,11393
2025-06-05,Bowling Green,5984,6003
2025-06-05,West 4 St-Wash Sq,4620,4958
2025-06-05,Astor Pl,7593,9221
2025-06-06,Times Sq-42 St,13592,14776
2025-06-06,Grand Central-42 St,17743,16863
2025-06-06,34 St-Penn Station,15416,14733
2025-06-06,14 St-Union Sq,3948,5065
2025-06-06,Fulton St,16100,16464
2025-06-06,42 St-Port Authority,10235,9505
2025-06-06,Herald Sq-34 St,11755,11055
2025-06-06,Canal St,4912,4796
2025-06-06,59 St-Columbus Circle,6099,6845
2025-06-06,125 St,11221,10972
2025-06-06,96 St,18503,18011
2025-06-06,86 St,16942,15922
2025-06-06,72 St,11076,10579
2025-06-06,66 St-Lincoln Center,14318,12721
2025-06-06,50 St,18030,18600
2025-06-06,28 St,14346,14613
2025-06-06,23 St,7095,6448
2025-06-06,Christopher St,25797,25333
2025-06-06,Houston St,19576,19610
2025-06-06,Spring St,10286,9581
2025-06-06,Chambers St,17935,18032
2025-06-06,Wall St,9480,9892
2025-06-06,Bowling Green,8507,9793
2025-06-06,West 4 St-Wash Sq,5546,6155
2025-06-06,Astor Pl,7682,7266
2025-06-07,Times Sq-42 St,15979,16126
2025-06-07,Grand Central-42 St,14831,14840
2025-06-07,34 St-Penn Station,16435,17475
2025-06-07,14 St-Union Sq,11703,12361
2025-06-07,Fulton St,17836,16959
2025-06-07,42 St-Port Authority,14297,14972
2025-06-07,Herald Sq-34 St,17178,15834
2025-06-07,Canal St,3739,3520
2025-06-07,59 St-Columbus Circle,9846,9236
2025-06-07,125 St,6330,6256
2025-06-07,96 St,19373,18212
2025-06-07,86 St,18617,18807
2025-06-07,72 St,8516,9241
2025-06-07,66 St-Lincoln Center,15087,15481
2025-06-07,50 St,19238,19661
2025-06-07,28 St,12977,12425
2025-06-07,23 St,9675,8316
2025-06-07,Christopher St,15818,15992
2025-06-07,Houston St,15997,15895
2025-06-07,Spring St,17062,15583
2025-06-07,Chambers St,17719,17936
2025-06-07,Wall St,11084,10137
2025-06-07,Bowling Green,7804,7503
2025-06-07,West 4 St-Wash Sq,5765,6456
2025-06-07,Astor Pl,9312,9316
2025-06-08,Times Sq-42 St,15584,15738
2025-06-08,Grand Central-42 St,21952,21891
2025-06-08,34 St-Penn Station,15150,15464
2025-06-08,14 St-Union Sq,5490,6069
2025-06-08,Fulton St,18953,18671
2025-06-08,42 St-Port Authority,13848,13334
2025-06-08,Herald Sq-34 St,17641,16769
2025-06-08,Canal St,7589,7127
2025-06-08,59 St-Columbus Circle,6310,7779
2025-06-08,125 St,9488,10919
2025-06-08,96 St,19889,19297
2025-06-08,86 St,16837,15264
2025-06-08,72 St,12452,12771
2025-06-08,66 St-Lincoln Center,13587,13247
2025-06-08,50 St,18671,18151
2025-06-08,28 St,11463,11876
2025-06-08,23 St,6919,7591
2025-06-08,Christopher St,11081,11074
2025-06-08,Houston St,19220,19538
2025-06-08,Spring St,12639,12093
2025-06-08,Chambers St,14750,14704
2025-06-08,Wall St,11433,11232
2025-06-08,Bowling Green,8202,7940
2025-06-08,West 4 St-Wash Sq,7455,6874
2025-06-08,Astor Pl,7186,5708
2025-06-09,Times Sq-42 St,19619,19730
2025-06-09,Grand Central-42 St,15201,14168
2025-06-09,34 St-Penn Station,13280,13140
2025-06-09,14 St-Union Sq,8123,7098
2025-06-09,Fulton St,15585,14797
2025-06-09,42 St-Port Authority,11895,11970
2025-06-09,Herald Sq-34 St,14213,13353
2025-06-09,Canal St,5791,5955
2025-06-09,59 St-Columbus Circle,4696,5833
2025-06-09,125 St,8502,7567
2025-06-09,96 St,17363,18817
2025-06-09,86 St,20618,20207
2025-06-09,72 St,11871,12667
2025-06-09,66 St-Lincoln Center,16894,17761
2025-06-09,50 St,18783,17796
2025-06-09,28 St,14842,13928
2025-06-09,23 St,10752,10669
2025-06-09,Christopher St,15771,16692
2025-06-09,Houston St,20730,20863
2025-06-09,Spring St,11507,10713
2025-06-09,Chambers St,18406,17988
2025-06-09,Wall St,8827,9756
2025-06-09,Bowling Green,5314,6079
2025-06-09,West 4 St-Wash Sq,5896,6563
2025-06-09,Astor Pl,9535,9149
2025-06-10,Times Sq-42 St,15919,15071
2025-06-10,Grand Central-42 St,14898,15782
2025-06-10,34 St-Penn Station,15418,16966
2025-06-10,14 St-Union Sq,6500,6428
2025-06-10,Fulton St,15602,14547
2025-06-10,42 St-Port Authority,13484,13372
2025-06-10,Herald Sq-34 St,17080,15915
2025-06-10,Canal St,7894,6315
2025-06-10,59 St-Columbus Circle,5901,5568
2025-06-10,125 St,6182,5200
2025-06-10,96 St,17004,17457
2025-06-10,86 St,17674,18559
2025-06-10,72 St,13138,14831
2025-06-10,66 St-Lincoln Center,14814,14396
2025-06-10,50 St,17901,18387
2025-06-10,28 St,12176,11765
2025-06-10,23 St,10074,9649
2025-06-10,Christopher St,15624,14587
2025-06-10,Houston St,17208,16281
2025-06-10,Spring St,14039,14347
2025-06-10,Chambers St,17519,16191
2025-06-10,Wall St,12326,12847
2025-06-10,Bowling Green,10807,10071
2025-06-10,West 4 St-Wash Sq,8683,8187
2025-06-10,Astor Pl,10389,9366
2025-06-11,Times Sq-42 St,17620,17334
2025-06-11,Grand Central-42 St,15455,16149
2025-06-11,34 St-Penn Station,12073,12629
2025-06-11,14 St-Union Sq,4707,4322
2025-06-11,Fulton St,27279,25597
2025-06-11,42 St-Port Authority,11251,12446
2025-06-11,Herald Sq-34 St,14010,13964
2025-06-11,Canal St,5379,5654
2025-06-11,59 St-Columbus Circle,7296,9144
2025-06-11,125 St,7998,8536
2025-06-11,96 St,16036,16320
2025-06-11,86 St,19171,18411
2025-06-11,72 St,12822,13112
2025-06-11,66 St-Lincoln Center,11639,12224
2025-06-11,50 St,16118,17277
2025-06-11,28 St,10604,10632
2025-06-11,23 St,11138,10236
2025-06-11,Christopher St,14992,14683
2025-06-11,Houston St,20023,19804
2025-06-11,Spring St,12812,12993
2025-06-11,Chambers St,17188,16958
2025-06-11,Wall St,8442,8383
2025-06-11,Bowling Green,8237,7924
2025-06-11,West 4 St-Wash Sq,7248,7564
2025-06-11,Astor Pl,8336,8821
2025-06-12,Times Sq-42 St,15890,15928
2025-06-12,Grand Central-42 St,19128,18638
2025-06-12,34 St-Penn Station,12832,12815
2025-06-12,14 St-Union Sq,7582,6365
2025-06-12,Fulton St,18144,17029
2025-06-12,42 St-Port Authority,14278,14164
2025-06-12,Herald Sq-34 St,14314,14756
2025-06-12,Canal St,3905,4055
2025-06-12,59 St-Columbus Circle,5982,5327
2025-06-12,125 St,9400,9645
2025-06-12,96 St,17920,17027
2025-06-12,86 St,19789,18871
2025-06-12,72 St,13126,11812
2025-06-12,66 St-Lincoln Center,12831,12820
2025-06-12,50 St,18572,17955
2025-06-12,28 St,14819,14285
2025-06-12,23 St,9571,11180
2025-06-12,Christopher St,15759,15198
2025-06-12,Houston St,16553,17605
2025-06-12,Spring St,8704,9327
2025-06-12,Chambers St,17102,18598
2025-06-12,Wall St,10218,9767
2025-06-12,Bowling Green,7184,7878
2025-06-12,West 4 St-Wash Sq,6805,5806
2025-06-12,Astor Pl,8054,7485
2025-06-13,Times Sq-42 St,15020,15067
2025-06-13,Grand Central-42 St,16596,15455
2025-06-13,34 St-Penn Station,15497,14683
2025-06-13,14 St-Union Sq,4078,2727
2025-06-13,Fulton St,19730,18341
2025-06-13,42 St-Port Authority,13230,13425
2025-06-13,Herald Sq-34 St,16956,15463
2025-06-13,Canal St,5861,5343
2025-06-13,59 St-Columbus Circle,6614,6588
2025-06-13,125 St,7573,8861
2025-06-13,96 St,15472,15502
2025-06-13,86 St,18119,18528
2025-06-13,72 St,9073,9549
2025-06-13,66 St-Lincoln Center,25750,26562
2025-06-13,50 St,18370,17427
2025-06-13,28 St,13250,12275
2025-06-13,23 St,6672,6704
2025-06-13,Christopher St,15135,15420
2025-06-13,Houston St,16821,16044
2025-06-13,Spring St,12152,13570
2025-06-13,Chambers St,16756,16372
2025-06-13,Wall St,12208,11768
2025-06-13,Bowling Green,8768,8597
2025-06-13,West 4 St-Wash Sq,8043,8072
2025-06-13,Astor Pl,7599,7871
2025-06-14,Times Sq-42 St,15152,15175
2025-06-14,Grand Central-42 St,17183,17615
2025-06-14,34 St-Penn Station,14690,13970
2025-06-14,14 St-Union Sq,6604,7516
2025-06-14,Fulton St,13787,14338
2025-06-14,42 St-Port Authority,12614,11547
2025-06-14,Herald Sq-34 St,16843,14921
2025-06-14,Canal St,7854,7474
2025-06-14,59 St-Columbus Circle,9948,9158
2025-06-14,125 St,9027,8566
2025-06-14,96 St,18871,19780
2025-06-14,86 St,18168,18148
2025-06-14,72 St,13575,14645
2025-06-14,66 St-Lincoln Center,15029,14648
2025-06-14,50 St,19818,19795
2025-06-14,28 St,11808,12465
2025-06-14,23 St,8061,9313
2025-06-14,Christopher St,15992,14324
2025-06-14,Houston St,19908,19206
2025-06-14,Spring St,10512,10089
2025-06-14,Chambers St,17494,17870
2025-06-14,Wall St,8469,9815
2025-06-14,Bowling Green,9899,8038
2025-06-14,West 4 St-Wash Sq,4236,3409
2025-06-14,Astor Pl,6600,6547
2025-06-15,Times Sq-42 St,15308,16515
2025-06-15,Grand Central-42 St,15358,14933
2025-06-15,34 St-Penn Station,15282,16376
2025-06-15,14 St-Union Sq,4572,3927
2025-06-15,Fulton St,18213,18675
2025-06-15,42 St-Port Authority,13029,12863
2025-06-15,Herald Sq-34 St,13335,13384
2025-06-15,Canal St,4077,3022
2025-06-15,59 St-Columbus Circle,7099,6026
2025-06-15,125 St,9241,8414
2025-06-15,96 St,17930,19048
2025-06-15,86 St,17314,18419
2025-06-15,72 St,9824,9836
2025-06-15,66 St-Lincoln Center,17447,17251
2025-06-15,50 St,19034,19050
2025-06-15,28 St,12113,12080
2025-06-15,23 St,7973,8749
2025-06-15,Christopher St,11164,11335
2025-06-15,Houston St,17917,16819
2025-06-15,Spring St,13123,13213
2025-06-15,Chambers St,17527,17690
2025-06-15,Wall St,7258,6436
2025-06-15,Bowling Green,9671,8161
2025-06-15,West 4 St-Wash Sq,6470,8029
2025-06-15,Astor Pl,9416,9690
2025-06-16,Times Sq-42 St,18520,19271
2025-06-16,Grand Central-42 St,17149,16663
2025-06-16,34 St-Penn Station,14054,13203
2025-06-16,14 St-Union Sq,6588,7611
2025-06-16,Fulton St,17737,18592
2025-06-16,42 St-Port Authority,11954,11981
2025-06-16,Herald Sq-34 St,16598,16120
2025-06-16,Canal St,5097,5818
2025-06-16,59 St-Columbus Circle,7039,6378
2025-06-16,125 St,8722,7242
2025-06-16,96 St,15639,15883
2025-06-16,86 St,18448,18754
2025-06-16,72 St,13304,11999
2025-06-16,66 St-Lincoln Center,14351,14330
2025-06-16,50 St,20786,19319
2025-06-16,28 St,13481,13658
2025-06-16,23 St,5534,6096
2025-06-16,Christopher St,13915,14212
2025-06-16,Houston St,15024,15215
2025-06-16,Spring St,10065,11217
2025-06-16,Chambers St,15579,16315
2025-06-16,Wall St,9280,8651
2025-06-16,Bowling Green,4761,4689
2025-06-16,West 4 St-Wash Sq,5114,4796
2025-06-16,Astor Pl,6117,4921
2025-06-17,Times Sq-42 St,15085,14803
2025-06-17,Grand Central-42 St,19285,18215
2025-06-17,34 St-Penn Station,13402,13856
2025-06-17,14 St-Union Sq,5373,4954
2025-06-17,Fulton St,15537,15388
2025-06-17,42 St-Port Authority,19747,20002
2025-06-17,Herald Sq-34 St,11825,12499
2025-06-17,Canal St,6127,5609
2025-06-17,59 St-Columbus Circle,6768,6918
2025-06-17,125 St,9473,9649
2025-06-17,96 St,17057,17292
2025-06-17,86 St,18450,18711
2025-06-17,72 St,11322,12800
2025-06-17,66 St-Lincoln Center,13759,13907
2025-06-17,50 St,19454,18695
2025-06-17,28 St,14204,14121
2025-06-17,23 St,9821,10824
2025-06-17,Christopher St,12563,11640
2025-06-17,Houston St,18426,20387
2025-06-17,Spring St,10437,10449
2025-06-17,Chambers St,16809,17606
2025-06-17,Wall St,9102,9687
2025-06-17,Bowling Green,8353,8631
2025-06-17,West 4 St-Wash Sq,6895,6490
2025-06-17,Astor Pl,6463,6210
2025-06-18,Times Sq-42 St,17099,16852
2025-06-18,Grand Central-42 St,17167,18289
2025-06-18,34 St-Penn Station,14215,14642
2025-06-18,14 St-Union Sq,5006,5418
2025-06-18,Fulton St,18364,17910
2025-06-18,42 St-Port Authority,11143,11544
2025-06-18,Herald Sq-34 St,14216,14028
2025-06-18,Canal St,8243,8875
2025-06-18,59 St-Columbus Circle,8279,6707
2025-06-18,125 St,11258,10569
2025-06-18,96 St,19958,19279
2025-06-18,86 St,19832,20104
2025-06-18,72 St,16176,15234
2025-06-18,66 St-Lincoln Center,13525,12073
2025-06-18,50 St,21015,19909
2025-06-18,28 St,13129,12114
2025-06-18,23 St,8810,9122
2025-06-18,Christopher St,16026,14803
2025-06-18,Houston St,17200,16876
2025-06-18,Spring St,9982,10232
2025-06-18,Chambers St,19055,19667
2025-06-18,Wall St,7527,6993
2025-06-18,Bowling Green,4321,4143
2025-06-18,West 4 St-Wash Sq,7072,7646
2025-06-18,Astor Pl,7804,8793
2025-06-19,Times Sq-42 St,15391,14456
2025-06-19,Grand Central-42 St,14890,16549
2025-06-19,34 St-Penn Station,13162,12598
2025-06-19,14 St-Union Sq,3717,5203
2025-06-19,Fulton St,15651,16593
2025-06-19,42 St-Port Authority,14479,15647
2025-06-19,Herald Sq-34 St,22599,20762
2025-06-19,Canal St,7160,7907
2025-06-19,59 St-Columbus Circle,8018,8312
2025-06-19,125 St,8116,8086
2025-06-19,96 St,18050,16901
2025-06-19,86 St,19856,18239
2025-06-19,72 St,8922,8741
2025-06-19,66 St-Lincoln Center,15035,14960
2025-06-19,50 St,16314,16331
2025-06-19,28 St,10804,12024
2025-06-19,23 St,10799,10613
2025-06-19,Christopher St,11519,11462
2025-06-19,Houston St,16641,16459
2025-06-19,Spring St,10794,10357
2025-06-19,Chambers St,16261,15952
2025-06-19,Wall St,8591,9170
2025-06-19,Bowling Green,8609,7569
2025-06-19,West 4 St-Wash Sq,8568,8757
2025-06-19,Astor Pl,8845,8687
2025-06-20,Times Sq-42 St,15699,14580
2025-06-20,Grand Central-42 St,15493,14467
2025-06-20,34 St-Penn Station,13614,14196
2025-06-20,14 St-Union Sq,5980,5861
2025-06-20,Fulton St,16642,16691
2025-06-20,42 St-Port Authority,10742,10630
2025-06-20,Herald Sq-34 St,11796,12283
2025-06-20,Canal St,8567,7172
2025-06-20,59 St-Columbus Circle,10150,9092
2025-06-20,125 St,9825,9555
2025-06-20,96 St,15962,16477
2025-06-20,86 St,17701,18045
2025-06-20,72 St,8938,8743
2025-06-20,66 St-Lincoln Center,21705,22645
2025-06-20,50 St,19878,19230
2025-06-20,28 St,11400,11066
2025-06-20,23 St,7806,9477
2025-06-20,Christopher St,13579,14688
2025-06-20,Houston St,15666,15667
2025-06-20,Spring St,9511,9281
2025-06-20,Chambers St,16722,15700
2025-06-20,Wall St,9763,8469
2025-06-20,Bowling Green,5440,5374
2025-06-20,West 4 St-Wash Sq,3890,4159
2025-06-20,Astor Pl,7687,6463
2025-06-21,Times Sq-42 St,15062,16324
2025-06-21,Grand Central-42 St,19137,18290
2025-06-21,34 St-Penn Station,13271,13936
2025-06-21,14 St-Union Sq,8794,7484
2025-06-21,Fulton St,15077,15936
2025-06-21,42 St-Port Authority,15260,15088
2025-06-21,Herald Sq-34 St,16470,16309
2025-06-21,Canal St,5087,5038
2025-06-21,59 St-Columbus Circle,7300,8506
2025-06-21,125 St,7498,6423
2025-06-21,96 St,20442,20071
2025-06-21,86 St,15492,15510
2025-06-21,72 St,13614,13595
2025-06-21,66 St-Lincoln Center,14491,15211
2025-06-21,50 St,18698,18769
2025-06-21,28 St,18293,16470
2025-06-21,23 St,9341,7547
2025-06-21,Christopher St,14129,13300
2025-06-21,Houston St,18864,18670
2025-06-21,Spring St,12134,10980
2025-06-21,Chambers St,15092,15332
2025-06-21,Wall St,8091,7932
2025-06-21,Bowling Green,10461,10341
2025-06-21,West 4 St-Wash Sq,2435,4134
2025-06-21,Astor Pl,5875,6394
2025-06-22,Times Sq-42 St,19114,18135
2025-06-22,Grand Central-42 St,15947,15135
2025-06-22,34 St-Penn Station,12921,14339
2025-06-22,14 St-Union Sq,5065,4917
2025-06-22,Fulton St,17572,17375
2025-06-22,42 St-Port Authority,13034,12813
2025-06-22,Herald Sq-34 St,11602,11427
2025-06-22,Canal St,7628,7057
2025-06-22,59 St-Columbus Circle,5826,6829
2025-06-22,125 St,10177,9855
2025-06-22,96 St,18976,19426
2025-06-22,86 St,17445,17890
2025-06-22,72 St,11296,11297
2025-06-22,66 St-Lincoln Center,16475,15773
2025-06-22,50 St,20703,20441
2025-06-22,28 St,14752,14958
2025-06-22,23 St,8386,6865
2025-06-22,Christopher St,24993,24438
2025-06-22,Houston St,14458,15074
2025-06-22,Spring St,11084,12071
2025-06-22,Chambers St,18855,17498
2025-06-22,Wall St,11148,10864
2025-06-22,Bowling Green,9554,10341
2025-06-22,West 4 St-Wash Sq,5988,6441
2025-06-22,Astor Pl,7650,8163
2025-06-23,Times Sq-42 St,19667,19895
2025-06-23,Grand Central-42 St,17200,16982
2025-06-23,34 St-Penn Station,13047,12593
2025-06-23,14 St-Union Sq,8612,8837
2025-06-23,Fulton St,14857,16576
2025-06-23,42 St-Port Authority,11201,11190
2025-06-23,Herald Sq-34 St,16393,14698
2025-06-23,Canal St,4132,2779
2025-06-23,59 St-Columbus Circle,7554,7799
2025-06-23,125 St,6027,6681
2025-06-23,96 St,16555,17930
2025-06-23,86 St,20281,19470
2025-06-23,72 St,12109,12463
2025-06-23,66 St-Lincoln Center,25038,24931
2025-06-23,50 St,28231,28189
2025-06-23,28 St,11057,10885
2025-06-23,23 St,9752,9121
2025-06-23,Christopher St,14143,14481
2025-06-23,Houston St,20161,19545
2025-06-23,Spring St,10172,9336
2025-06-23,Chambers St,17542,18728
2025-06-23,Wall St,10274,10331
2025-06-23,Bowling Green,8167,9091
2025-06-23,West 4 St-Wash Sq,10051,10887
2025-06-23,Astor Pl,6475,4932
2025-06-24,Times Sq-42 St,19086,18604
2025-06-24,Grand Central-42 St,18205,18959
2025-06-24,34 St-Penn Station,16580,15213
2025-06-24,14 St-Union Sq,5149,5815
2025-06-24,Fulton St,19432,17490
2025-06-24,42 St-Port Authority,12998,13349
2025-06-24,Herald Sq-34 St,15087,13864
2025-06-24,Canal St,6373,4889
2025-06-24,59 St-Columbus Circle,9047,8940
2025-06-24,125 St,5520,6633
2025-06-24,96 St,18666,19226
2025-06-24,86 St,30249,30853
2025-06-24,72 St,9703,8571
2025-06-24,66 St-Lincoln Center,14318,13582
2025-06-24,50 St,18409,18242
2025-06-24,28 St,13745,12678
2025-06-24,23 St,8738,9285
2025-06-24,Christopher St,15798,15837
2025-06-24,Houston St,15035,15923
2025-06-24,Spring St,9836,8537
2025-06-24,Chambers St,19241,19126
2025-06-24,Wall St,9733,9482
2025-06-24,Bowling Green,8769,9396
2025-06-24,West 4 St-Wash Sq,7604,7662
2025-06-24,Astor Pl,6571,7645
2025-06-25,Times Sq-42 St,16958,18499
2025-06-25,Grand Central-42 St,14022,15607
2025-06-25,34 St-Penn Station,17245,17699
2025-06-25,14 St-Union Sq,3167,3745
2025-06-25,Fulton St,17577,17250
2025-06-25,42 St-Port Authority,13285,13589
2025-06-25,Herald Sq-34 St,14614,14216
2025-06-25,Canal St,5485,4796
2025-06-25,59 St-Columbus Circle,6481,7033
2025-06-25,125 St,5396,6687
2025-06-25,96 St,17660,15771
2025-06-25,86 St,19247,17984
2025-06-25,72 St,9604,9150
2025-06-25,66 St-Lincoln Center,14972,15407
2025-06-25,50 St,17985,16609
2025-06-25,28 St,12425,13635
2025-06-25,23 St,9342,10621
2025-06-25,Christopher St,15366,15842
2025-06-25,Houston St,19593,19660
2025-06-25,Spring St,12007,12421
2025-06-25,Chambers St,19714,18275
2025-06-25,Wall St,9451,9433
2025-06-25,Bowling Green,7036,7621
2025-06-25,West 4 St-Wash Sq,6212,6313
2025-06-25,Astor Pl,9186,10373
2025-06-26,Times Sq-42 St,18824,19145
2025-06-26,Grand Central-42 St,16927,17786
2025-06-26,34 St-Penn Station,13400,13147
2025-06-26,14 St-Union Sq,4201,2820
2025-06-26,Fulton St,20159,20149
2025-06-26,42 St-Port Authority,13200,14062
2025-06-26,Herald Sq-34 St,13717,13408
2025-06-26,Canal St,7073,7316
2025-06-26,59 St-Columbus Circle,6908,6232
2025-06-26,125 St,9436,8623
2025-06-26,96 St,15591,15608
2025-06-26,86 St,16245,15138
2025-06-26,72 St,7769,7984
2025-06-26,66 St-Lincoln Center,16484,16295
2025-06-26,50 St,18629,18980
2025-06-26,28 St,13002,13558
2025-06-26,23 St,6822,6506
2025-06-26,Christopher St,14915,14140
2025-06-26,Houston St,19610,18933
2025-06-26,Spring St,10728,10800
2025-06-26,Chambers St,15897,15287
2025-06-26,Wall St,8541,8358
2025-06-26,Bowling Green,7342,7492
2025-06-26,West 4 St-Wash Sq,5491,4688
2025-06-26,Astor Pl,10497,10749
2025-06-27,Times Sq-42 St,18725,17872
2025-06-27,Grand Central-42 St,14247,14941
2025-06-27,34 St-Penn Station,15016,15222
2025-06-27,14 St-Union Sq,2335,2444
2025-06-27,Fulton St,17212,15668
2025-06-27,42 St-Port Authority,13505,15058
2025-06-27,Herald Sq-34 St,15792,14123
2025-06-27,Canal St,5635,4507
2025-06-27,59 St-Columbus Circle,7855,7042
2025-06-27,125 St,5531,6673
2025-06-27,96 St,24346,26940
2025-06-27,86 St,16509,17063
2025-06-27,72 St,9095,8071
2025-06-27,66 St-Lincoln Center,14459,14046
2025-06-27,50 St,18975,19039
2025-06-27,28 St,18381,19320
2025-06-27,23 St,7852,7557
2025-06-27,Christopher St,12811,13145
2025-06-27,Houston St,14864,15333
2025-06-27,Spring St,11824,10487
2025-06-27,Chambers St,17703,17693
2025-06-27,Wall St,8403,8614
2025-06-27,Bowling Green,6071,6495
2025-06-27,West 4 St-Wash Sq,7307,5759
2025-06-27,Astor Pl,10258,10484
2025-06-28,Times Sq-42 St,17787,16871
2025-06-28,Grand Central-42 St,18139,19027
2025-06-28,34 St-Penn Station,16381,17289
2025-06-28,14 St-Union Sq,5654,6138
2025-06-28,Fulton St,17411,17333
2025-06-28,42 St-Port Authority,12211,13708
2025-06-28,Herald Sq-34 St,12083,13105
2025-06-28,Canal St,7373,6941
2025-06-28,59 St-Columbus Circle,9773,8683
2025-06-28,125 St,10002,9821
2025-06-28,96 St,17526,18054
2025-06-28,86 St,14819,16021
2025-06-28,72 St,11121,10807
2025-06-28,66 St-Lincoln Center,13315,13136
2025-06-28,50 St,21377,20622
2025-06-28,28 St,10547,11545
2025-06-28,23 St,8620,8760
2025-06-28,Christopher St,15588,15579
2025-06-28,Houston St,19798,19862
2025-06-28,Spring St,10761,9272
2025-06-28,Chambers St,18146,18645
2025-06-28,Wall St,10542,11733
2025-06-28,Bowling Green,6860,7685
2025-06-28,West 4 St-Wash Sq,3317,3406
2025-06-28,Astor Pl,7031,8010
2025-06-29,Times Sq-42 St,14180,14926
2025-06-29,Grand Central-42 St,17242,18716
2025-06-29,34 St-Penn Station,15444,15254
2025-06-29,14 St-Union Sq,6797,8052
2025-06-29,Fulton St,17497,16326
2025-06-29,42 St-Port Authority,15328,15332
2025-06-29,Herald Sq-34 St,15183,16508
2025-06-29,Canal St,7917,8591
2025-06-29,59 St-Columbus Circle,8300,8942
2025-06-29,125 St,9753,9737
2025-06-29,96 St,17627,16589
2025-06-29,86 St,15246,14784
2025-06-29,72 St,10512,9695
2025-06-29,66 St-Lincoln Center,16206,16539
2025-06-29,50 St,16735,15810
2025-06-29,28 St,11657,11952
2025-06-29,23 St,9136,9174
2025-06-29,Christopher St,15569,15082
2025-06-29,Houston St,18204,19198
2025-06-29,Spring St,8216,9747
2025-06-29,Chambers St,17909,17291
2025-06-29,Wall St,9815,10552
2025-06-29,Bowling Green,6558,5994
2025-06-29,West 4 St-Wash Sq,4685,3632
2025-06-29,Astor Pl,7894,7229
2025-06-30,Times Sq-42 St,18637,17938
2025-06-30,Grand Central-42 St,17680,18434
2025-06-30,34 St-Penn Station,14571,15678
2025-06-30,14 St-Union Sq,3809,3986
2025-06-30,Fulton St,18674,18428
2025-06-30,42 St-Port Authority,12638,11162
2025-06-30,Herald Sq-34 St,11805,12623
2025-06-30,Canal St,7677,6441
2025-06-30,59 St-Columbus Circle,4220,5361
2025-06-30,125 St,5992,7020
2025-06-30,96 St,16763,16723
2025-06-30,86 St,17161,16952
2025-06-30,72 St,7823,8329
2025-06-30,66 St-Lincoln Center,13880,14764
2025-06-30,50 St,16225,16284
2025-06-30,28 St,11867,10944
2025-06-30,23 St,7411,7724
2025-06-30,Christopher St,16127,16280
2025-06-30,Houston St,19875,19216
2025-06-30,Spring St,11252,11877
2025-06-30,Chambers St,18225,19665
2025-06-30,Wall St,11799,12083
2025-06-30,Bowling Green,7774,7943
2025-06-30,West 4 St-Wash Sq,6560,7516
2025-06-30,Astor Pl,7114,6001
2025-07-01,Times Sq-42 St,16447,17865
2025-07-01,Grand Central-42 St,16076,16148
2025-07-01,34 St-Penn Station,16983,17213
2025-07-01,14 St-Union Sq,4181,4833
2025-07-01,Fulton St,18873,17869
2025-07-01,42 St-Port Authority,13851,12826
2025-07-01,Herald Sq-34 St,11472,11678
2025-07-01,Canal St,6713,7177
2025-07-01,59 St-Columbus Circle,9103,10210
2025-07-01,125 St,10768,9651
2025-07-01,96 St,19336,19589
2025-07-01,86 St,17422,18101
2025-07-01,72 St,9014,8072
2025-07-01,66 St-Lincoln Center,16386,15750
2025-07-01,50 St,29144,29061
2025-07-01,28 St,12128,11002
2025-07-01,23 St,9662,9835
2025-07-01,Christopher St,13847,13490
2025-07-01,Houston St,18104,18774
2025-07-01,Spring St,17286,15919
2025-07-01,Chambers St,17162,19067
2025-07-01,Wall St,9645,9481
2025-07-01,Bowling Green,6693,6271
2025-07-01,West 4 St-Wash Sq,6877,6921
2025-07-01,Astor Pl,9826,9689
2025-07-02,Times Sq-42 St,19371,19626
2025-07-02,Grand Central-42 St,17790,18055
2025-07-02,34 St-Penn Station,15646,14667
2025-07-02,14 St-Union Sq,2799,3915
2025-07-02,Fulton St,16341,16805
2025-07-02,42 St-Port Authority,11397,11380
2025-07-02,Herald Sq-34 St,14914,15131
2025-07-02,Canal St,6346,7721
2025-07-02,59 St-Columbus Circle,4934,5442
2025-07-02,125 St,6291,5886
2025-07-02,96 St,15442,15118
2025-07-02,86 St,16626,16971
2025-07-02,72 St,10894,11306
2025-07-02,66 St-Lincoln Center,11767,13336
2025-07-02,50 St,19513,18337
2025-07-02,28 St,14444,14885
2025-07-02,23 St,9060,10140
2025-07-02,Christopher St,13224,13104
2025-07-02,Houston St,19530,20164
2025-07-02,Spring St,12772,11791
2025-07-02,Chambers St,16838,16498
2025-07-02,Wall St,9135,9066
2025-07-02,Bowling Green,9652,8674
2025-07-02,West 4 St-Wash Sq,5314,5230
2025-07-02,Astor Pl,7724,8094
2025-07-03,Times Sq-42 St,15362,14452
2025-07-03,Grand Central-42 St,16265,16412
2025-07-03,34 St-Penn Station,16006,16722
2025-07-03,14 St-Union Sq,4799,4544
2025-07-03,Fulton St,15782,16692
2025-07-03,42 St-Port Authority,12378,12907
2025-07-03,Herald Sq-34 St,13874,14895
2025-07-03,Canal St,4251,3453
2025-07-03,59 St-Columbus Circle,4430,5690
2025-07-03,125 St,7193,8010
2025-07-03,96 St,16926,16369
2025-07-03,86 St,16603,16543
2025-07-03,72 St,11340,11205
2025-07-03,66 St-Lincoln Center,12823,11964
2025-07-03,50 St,19212,19027
2025-07-03,28 St,12860,11782
2025-07-03,23 St,10874,11533
2025-07-03,Christopher St,13060,12171
2025-07-03,Houston St,16673,17265
2025-07-03,Spring St,12348,11904
2025-07-03,Chambers St,18812,18159
2025-07-03,Wall St,9352,10125
2025-07-03,Bowling Green,10179,10148
2025-07-03,West 4 St-Wash Sq,2755,2555
2025-07-03,Astor Pl,5842,5031
2025-07-04,Times Sq-42 St,18861,19951
2025-07-04,Grand Central-42 St,18782,18137
2025-07-04,34 St-Penn Station,16420,17129
2025-07-04,14 St-Union Sq,3734,3675
2025-07-04,Fulton St,16333,17435
2025-07-04,42 St-Port Authority,15235,15450
2025-07-04,Herald Sq-34 St,15851,16594
2025-07-04,Canal St,6891,7436
2025-07-04,59 St-Columbus Circle,8375,8038
2025-07-04,125 St,9077,8703
2025-07-04,96 St,19996,20837
2025-07-04,86 St,17388,18359
2025-07-04,72 St,8901,8702
2025-07-04,66 St-Lincoln Center,17605,17022
2025-07-04,50 St,20729,20250
2025-07-04,28 St,10361,11482
2025-07-04,23 St,7645,7770
2025-07-04,Christopher St,13125,11888
2025-07-04,Houston St,15248,16423
2025-07-04,Spring St,11563,12498
2025-07-04,Chambers St,17491,17515
2025-07-04,Wall St,9098,8743
2025-07-04,Bowling Green,7941,9836
2025-07-04,West 4 St-Wash Sq,5478,6321
2025-07-04,Astor Pl,8731,9436
2025-07-05,Times Sq-42 St,15767,15851
2025-07-05,Grand Central-42 St,16456,15484
2025-07-05,34 St-Penn Station,13877,15161
2025-07-05,14 St-Union Sq,6054,6397
2025-07-05,Fulton St,19495,18140
2025-07-05,42 St-Port Authority,13501,13939
2025-07-05,Herald Sq-34 St,12876,12289
2025-07-05,Canal St,4120,3763
2025-07-05,59 St-Columbus Circle,9744,8645
2025-07-05,125 St,15140,14563
2025-07-05,96 St,16327,16135
2025-07-05,86 St,14712,16209
2025-07-05,72 St,9977,8551
2025-07-05,66 St-Lincoln Center,11216,11520
2025-07-05,50 St,20772,20422
2025-07-05,28 St,15659,14482
2025-07-05,23 St,6361,7214
2025-07-05,Christopher St,13272,14399
2025-07-05,Houston St,17421,17348
2025-07-05,Spring St,14009,13049
2025-07-05,Chambers St,15901,14834
2025-07-05,Wall St,8262,8771
2025-07-05,Bowling Green,9715,10271
2025-07-05,West 4 St-Wash Sq,5101,5909
2025-07-05,Astor Pl,9995,9285
2025-07-06,Times Sq-42 St,14914,14151
2025-07-06,Grand Central-42 St,18727,19133
2025-07-06,34 St-Penn Station,14922,13610
2025-07-06,14 St-Union Sq,4893,4665
2025-07-06,Fulton St,14531,15453
2025-07-06,42 St-Port Authority,13282,13443
2025-07-06,Herald Sq-34 St,12751,13640
2025-07-06,Canal St,6513,5096
2025-07-06,59 St-Columbus Circle,6560,7017
2025-07-06,125 St,9378,9177
2025-07-06,96 St,18787,18175
2025-07-06,86 St,19879,19398
2025-07-06,72 St,11566,11702
2025-07-06,66 St-Lincoln Center,13058,14511
2025-07-06,50 St,18788,19895
2025-07-06,28 St,11082,11758
2025-07-06,23 St,7593,7432
2025-07-06,Christopher St,11655,12054
2025-07-06,Houston St,19335,19407
2025-07-06,Spring St,11276,10841
2025-07-06,Chambers St,15307,14805
2025-07-06,Wall St,11174,10971
2025-07-06,Bowling Green,4563,4678
2025-07-06,West 4 St-Wash Sq,4265,5053
2025-07-06,Astor Pl,7076,5458
2025-07-07,Times Sq-42 St,18990,18368
2025-07-07,Grand Central-42 St,18037,16755
2025-07-07,34 St-Penn Station,13806,12432
2025-07-07,14 St-Union Sq,4039,4367
2025-07-07,Fulton St,18445,17825
2025-07-07,42 St-Port Authority,13364,14892
2025-07-07,Herald Sq-34 St,11711,11429
2025-07-07,Canal St,3421,3008
2025-07-07,59 St-Columbus Circle,6171,6179
2025-07-07,125 St,6540,7161
2025-07-07,96 St,14734,16196
2025-07-07,86 St,18720,18710
2025-07-07,72 St,10464,9928
2025-07-07,66 St-Lincoln Center,13281,12531
2025-07-07,50 St,16496,18213
2025-07-07,28 St,13092,13346
2025-07-07,23 St,9826,9508
2025-07-07,Christopher St,15689,15815
2025-07-07,Houston St,17361,19076
2025-07-07,Spring St,9561,8774
2025-07-07,Chambers St,18641,19419
2025-07-07,Wall St,8028,8669
2025-07-07,Bowling Green,6954,6926
2025-07-07,West 4 St-Wash Sq,7748,7324
2025-07-07,Astor Pl,6977,7899
2025-07-08,Times Sq-42 St,15610,16193
2025-07-08,Grand Central-42 St,17822,16491
2025-07-08,34 St-Penn Station,12447,12719
2025-07-08,14 St-Union Sq,5727,4637
2025-07-08,Fulton St,15165,13583
2025-07-08,42 St-Port Authority,14063,12700
2025-07-08,Herald Sq-34 St,17455,15895
2025-07-08,Canal St,8056,6246
2025-07-08,59 St-Columbus Circle,7398,7316
2025-07-08,125 St,8501,9841
2025-07-08,96 St,16896,16258
2025-07-08,86 St,15810,15897
2025-07-08,72 St,18864,19518
2025-07-08,66 St-Lincoln Center,14602,15390
2025-07-08,50 St,19491,19668
2025-07-08,28 St,9915,11534
2025-07-08,23 St,10516,10602
2025-07-08,Christopher St,14522,15031
2025-07-08,Houston St,19793,20680
2025-07-08,Spring St,9647,9841
2025-07-08,Chambers St,14996,13811
2025-07-08,Wall St,10089,8289
2025-07-08,Bowling Green,9968,9000
2025-07-08,West 4 St-Wash Sq,7423,7212
2025-07-08,Astor Pl,7390,6271
2025-07-09,Times Sq-42 St,17286,15697
2025-07-09,Grand Central-42 St,19163,18997
2025-07-09,34 St-Penn Station,15920,15657
2025-07-09,14 St-Union Sq,5865,6988
2025-07-09,Fulton St,19610,18955
2025-07-09,42 St-Port Authority,12421,11736
2025-07-09,Herald Sq-34 St,14006,15152
2025-07-09,Canal St,5617,7086
2025-07-09,59 St-Columbus Circle,4926,6402
2025-07-09,125 St,6158,6421
2025-07-09,96 St,28009,29198
2025-07-09,86 St,19910,19507
2025-07-09,72 St,12992,12492
2025-07-09,66 St-Lincoln Center,14851,15254
2025-07-09,50 St,18139,18990
2025-07-09,28 St,13617,14619
2025-07-09,23 St,8386,8805
2025-07-09,Christopher St,15058,15958
2025-07-09,Houston St,18552,19204
2025-07-09,Spring St,12606,13982
2025-07-09,Chambers St,15495,16731
2025-07-09,Wall St,9665,9174
2025-07-09,Bowling Green,7777,7774
2025-07-09,West 4 St-Wash Sq,2819,3669
2025-07-09,Astor Pl,9118,7543
2025-07-10,Times Sq-42 St,16923,16137
2025-07-10,Grand Central-42 St,15002,16318
2025-07-10,34 St-Penn Station,12403,12162
2025-07-10,14 St-Union Sq,6589,6715
2025-07-10,Fulton St,18697,17432
2025-07-10,42 St-Port Authority,11261,10198
2025-07-10,Herald Sq-34 St,12536,12511
2025-07-10,Canal St,7602,6802
2025-07-10,59 St-Columbus Circle,12385,12126
2025-07-10,125 St,9616,9481
2025-07-10,96 St,18104,17941
2025-07-10,86 St,20391,20185
2025-07-10,72 St,10566,10556
2025-07-10,66 St-Lincoln Center,14424,14777
2025-07-10,50 St,18839,17523
2025-07-10,28 St,15441,15576
2025-07-10,23 St,10709,9965
2025-07-10,Christopher St,13294,14109
2025-07-10,Houston St,16610,16590
2025-07-10,Spring St,11630,11206
2025-07-10,Chambers St,16500,16565
2025-07-10,Wall St,7125,7032
2025-07-10,Bowling Green,6363,6888
2025-07-10,West 4 St-Wash Sq,4994,4986
2025-07-10,Astor Pl,8260,8307
2025-07-11,Times Sq-42 St,17861,16650
2025-07-11,Grand Central-42 St,18260,17660
2025-07-11,34 St-Penn Station,15602,14186
2025-07-11,14 St-Union Sq,6995,7539
2025-07-11,Fulton St,16686,16025
2025-07-11,42 St-Port Authority,15441,14507
2025-07-11,Herald Sq-34 St,17209,16078
2025-07-11,Canal St,6957,6502
2025-07-11,59 St-Columbus Circle,8263,10024
2025-07-11,125 St,8809,8792
2025-07-11,96 St,17388,16659
2025-07-11,86 St,15651,16242
2025-07-11,72 St,11774,11285
2025-07-11,66 St-Lincoln Center,16777,17794
2025-07-11,50 St,16597,15829
2025-07-11,28 St,14091,12859
2025-07-11,23 St,5615,7543
2025-07-11,Christopher St,13337,13182
2025-07-11,Houston St,16380,16880
2025-07-11,Spring St,12074,11950
2025-07-11,Chambers St,15994,16246
2025-07-11,Wall St,9128,8653
2025-07-11,Bowling Green,8286,8913
2025-07-11,West 4 St-Wash Sq,4251,4049
2025-07-11,Astor Pl,7426,6706
2025-07-12,Times Sq-42 St,19563,19470
2025-07-12,Grand Central-42 St,17513,17506
2025-07-12,34 St-Penn Station,15892,15826
2025-07-12,14 St-Union Sq,6480,5049
2025-07-12,Fulton St,18309,19342
2025-07-12,42 St-Port Authority,12432,11988
2025-07-12,Herald Sq-34 St,15792,15549
2025-07-12,Canal St,7483,6288
2025-07-12,59 St-Columbus Circle,6588,5531
2025-07-12,125 St,8482,7529
2025-07-12,96 St,16530,17632
2025-07-12,86 St,18326,17458
2025-07-12,72 St,11744,12647
2025-07-12,66 St-Lincoln Center,14409,12983
2025-07-12,50 St,19112,19282
2025-07-12,28 St,13696,12681
2025-07-12,23 St,7673,6634
2025-07-12,Christopher St,11924,12515
2025-07-12,Houston St,15850,16684
2025-07-12,Spring St,12929,14501
2025-07-12,Chambers St,18447,19674
2025-07-12,Wall St,8813,7503
2025-07-12,Bowling Green,5438,6177
2025-07-12,West 4 St-Wash Sq,6645,6359
2025-07-12,Astor Pl,7940,8027
2025-07-13,Times Sq-42 St,15481,15964
2025-07-13,Grand Central-42 St,21901,20558
2025-07-13,34 St-Penn Station,14929,15081
2025-07-13,14 St-Union Sq,6262,5721
2025-07-13,Fulton St,17577,17500
2025-07-13,42 St-Port Authority,10689,11373
2025-07-13,Herald Sq-34 St,12013,13774
2025-07-13,Canal St,4511,4180
2025-07-13,59 St-Columbus Circle,5224,4368
2025-07-13,125 St,8868,8510
2025-07-13,96 St,18972,18158
2025-07-13,86 St,18560,17070
2025-07-13,72 St,12741,12561
2025-07-13,66 St-Lincoln Center,12383,13932
2025-07-13,50 St,18021,16542
2025-07-13,28 St,13088,12664
2025-07-13,23 St,10561,10559
2025-07-13,Christopher St,13317,11538
2025-07-13,Houston St,17726,18070
2025-07-13,Spring St,9547,10557
2025-07-13,Chambers St,15383,15981
2025-07-13,Wall St,8596,8545
2025-07-13,Bowling Green,8756,7739
2025-07-13,West 4 St-Wash Sq,4989,6013
2025-07-13,Astor Pl,5312,5750
2025-07-14,Times Sq-42 St,14328,14850
2025-07-14,Grand Central-42 St,29309,29689
2025-07-14,34 St-Penn Station,15416,13982
2025-07-14,14 St-Union Sq,3449,2888
2025-07-14,Fulton St,19881,19968
2025-07-14,42 St-Port Authority,13768,14980
2025-07-14,Herald Sq-34 St,14477,13673
2025-07-14,Canal St,3199,3242
2025-07-14,59 St-Columbus Circle,4860,4868
2025-07-14,125 St,8090,6656
2025-07-14,96 St,18978,18331
2025-07-14,86 St,15423,16152
2025-07-14,72 St,8854,8293
2025-07-14,66 St-Lincoln Center,14692,14698
2025-07-14,50 St,19409,19525
2025-07-14,28 St,13257,12119
2025-07-14,23 St,8536,8164
2025-07-14,Christopher St,16024,15414
2025-07-14,Houston St,19179,20972
2025-07-14,Spring St,9557,9274
2025-07-14,Chambers St,18050,17214
2025-07-14,Wall St,11039,11219
2025-07-14,Bowling Green,7428,7640
2025-07-14,West 4 St-Wash Sq,5338,4531
2025-07-14,Astor Pl,6144,7711
2025-07-15,Times Sq-42 St,15854,15158
2025-07-15,Grand Central-42 St,15645,16464
2025-07-15,34 St-Penn Station,14987,14288
2025-07-15,14 St-Union Sq,3448,3917
2025-07-15,Fulton St,14803,15794
2025-07-15,42 St-Port Authority,9895,10545
2025-07-15,Herald Sq-34 St,12140,12522
2025-07-15,Canal St,6456,7432
2025-07-15,59 St-Columbus Circle,9211,8623
2025-07-15,125 St,7694,6552
2025-07-15,96 St,17822,18023
2025-07-15,86 St,17318,18396
2025-07-15,72 St,9605,8112
2025-07-15,66 St-Lincoln Center,11483,11506
2025-07-15,50 St,14919,15901
2025-07-15,28 St,9679,8977
2025-07-15,23 St,8076,7391
2025-07-15,Christopher St,11210,12120
2025-07-15,Houston St,17911,16756
2025-07-15,Spring St,12530,11505
2025-07-15,Chambers St,16472,16295
2025-07-15,Wall St,10239,8853
2025-07-15,Bowling Green,5357,5981
2025-07-15,West 4 St-Wash Sq,2918,4059
2025-07-15,Astor Pl,6589,6758
2025-07-16,Times Sq-42 St,12700,12721
2025-07-16,Grand Central-42 St,17037,16470
2025-07-16,34 St-Penn Station,13346,13243
2025-07-16,14 St-Union Sq,4056,3513
2025-07-16,Fulton St,14923,14681
2025-07-16,42 St-Port Authority,9706,10828
2025-07-16,Herald Sq-34 St,13632,13021
2025-07-16,Canal St,6152,6276
2025-07-16,59 St-Columbus Circle,5801,6966
2025-07-16,125 St,7299,7455
2025-07-16,96 St,14420,14730
2025-07-16,86 St,18344,17247
2025-07-16,72 St,9742,10044
2025-07-16,66 St-Lincoln Center,11823,10378
2025-07-16,50 St,17226,18145
2025-07-16,28 St,12052,11627
2025-07-16,23 St,9001,9311
2025-07-16,Christopher St,10868,10842
2025-07-16,Houston St,18144,17494
2025-07-16,Spring St,11243,11461
2025-07-16,Chambers St,24769,25267
2025-07-16,Wall St,10695,9468
2025-07-16,Bowling Green,4557,4648
2025-07-16,West 4 St-Wash Sq,2801,2974
2025-07-16,Astor Pl,8055,7630
2025-07-17,Times Sq-42 St,17112,16075
2025-07-17,Grand Central-42 St,13739,14068
2025-07-17,34 St-Penn Station,11495,11856
2025-07-17,14 St-Union Sq,4492,3777
2025-07-17,Fulton St,13667,14739
2025-07-17,42 St-Port Authority,9592,9619
2025-07-17,Herald Sq-34 St,13181,12048
2025-07-17,Canal St,5735,6296
2025-07-17,59 St-Columbus Circle,4607,6316
2025-07-17,125 St,4608,4971
2025-07-17,96 St,14114,14863
2025-07-17,86 St,15804,16057
2025-07-17,72 St,9240,8607
2025-07-17,66 St-Lincoln Center,15419,15188
2025-07-17,50 St,16421,17201
2025-07-17,28 St,13541,12380
2025-07-17,23 St,6505,6647
2025-07-17,Christopher St,13350,12665
2025-07-17,Houston St,17607,18548
2025-07-17,Spring St,10952,9999
2025-07-17,Chambers St,25934,27990
2025-07-17,Wall St,7714,8240
2025-07-17,Bowling Green,3915,4867
2025-07-17,West 4 St-Wash Sq,6058,5712
2025-07-17,Astor Pl,8382,8912
2025-07-18,Times Sq-42 St,12489,12693
2025-07-18,Grand Central-42 St,13359,12174
2025-07-18,34 St-Penn Station,11380,12139
2025-07-18,14 St-Union Sq,4025,4446
2025-07-18,Fulton St,16157,15450
2025-07-18,42 St-Port Authority,10444,11111
2025-07-18,Herald Sq-34 St,14257,13557
2025-07-18,Canal St,6356,4870
2025-07-18,59 St-Columbus Circle,4901,5193
2025-07-18,125 St,8610,7719
2025-07-18,96 St,16926,18360
2025-07-18,86 St,14316,14055
2025-07-18,72 St,7821,8472
2025-07-18,66 St-Lincoln Center,12636,11565
2025-07-18,50 St,15608,15904
2025-07-18,28 St,10586,12218
2025-07-18,23 St,8661,10209
2025-07-18,Christopher St,14325,14510
2025-07-18,Houston St,16114,17048
2025-07-18,Spring St,9506,9062
2025-07-18,Chambers St,12263,12691
2025-07-18,Wall St,10465,8890
2025-07-18,Bowling Green,5362,5523
2025-07-18,West 4 St-Wash Sq,7228,6183
2025-07-18,Astor Pl,6627,6434
2025-07-19,Times Sq-42 St,13031,13900
2025-07-19,Grand Central-42 St,17580,17728
2025-07-19,34 St-Penn Station,10933,11419
2025-07-19,14 St-Union Sq,4496,4026
2025-07-19,Fulton St,14604,14528
2025-07-19,42 St-Port Authority,9991,9933
2025-07-19,Herald Sq-34 St,11807,12291
2025-07-19,Canal St,7224,6801
2025-07-19,59 St-Columbus Circle,4296,5122
2025-07-19,125 St,7565,7177
2025-07-19,96 St,17052,17642
2025-07-19,86 St,14832,14400
2025-07-19,72 St,8426,7555
2025-07-19,66 St-Lincoln Center,10433,10588
2025-07-19,50 St,15525,15500
2025-07-19,28 St,13163,14307
2025-07-19,23 St,6478,6432
2025-07-19,Christopher St,11725,12432
2025-07-19,Houston St,17446,17500
2025-07-19,Spring St,10843,11333
2025-07-19,Chambers St,16578,15970
2025-07-19,Wall St,6830,7137
2025-07-19,Bowling Green,4868,5650
2025-07-19,West 4 St-Wash Sq,4855,4379
2025-07-19,Astor Pl,8696,9506
2025-07-20,Times Sq-42 St,14911,15001
2025-07-20,Grand Central-42 St,13146,12532
2025-07-20,34 St-Penn Station,11209,11055
2025-07-20,14 St-Union Sq,3943,3022
2025-07-20,Fulton St,21325,20291
2025-07-20,42 St-Port Authority,8996,10067
2025-07-20,Herald Sq-34 St,11429,10863
2025-07-20,Canal St,5818,4536
2025-07-20,59 St-Columbus Circle,7633,8372
2025-07-20,125 St,8996,8658
2025-07-20,96 St,16866,16639
2025-07-20,86 St,15339,15061
2025-07-20,72 St,8327,9109
2025-07-20,66 St-Lincoln Center,11624,11792
2025-07-20,50 St,16868,16655
2025-07-20,28 St,12811,13058
2025-07-20,23 St,7874,8929
2025-07-20,Christopher St,13996,14248
2025-07-20,Houston St,13679,14872
2025-07-20,Spring St,12172,11739
2025-07-20,Chambers St,13827,14494
2025-07-20,Wall St,7119,8284
2025-07-20,Bowling Green,8107,8146
2025-07-20,West 4 St-Wash Sq,2994,3815
2025-07-20,Astor Pl,7741,9078
2025-07-21,Times Sq-42 St,14839,14724
2025-07-21,Grand Central-42 St,13561,13987
2025-07-21,34 St-Penn Station,12397,11361
2025-07-21,14 St-Union Sq,4921,3296
2025-07-21,Fulton St,17825,17135
2025-07-21,42 St-Port Authority,10574,9792
2025-07-21,Herald Sq-34 St,13677,14466
2025-07-21,Canal St,4745,3063
2025-07-21,59 St-Columbus Circle,8848,7829
2025-07-21,125 St,9642,9974
2025-07-21,96 St,17582,17595
2025-07-21,86 St,17117,17057
2025-07-21,72 St,10000,10346
2025-07-21,66 St-Lincoln Center,17479,17521
2025-07-21,50 St,15872,15702
2025-07-21,28 St,12626,13367
2025-07-21,23 St,9452,9008
2025-07-21,Christopher St,11206,11158
2025-07-21,Houston St,18540,17351
2025-07-21,Spring St,9575,9969
2025-07-21,Chambers St,16752,16228
2025-07-21,Wall St,7003,8567
2025-07-21,Bowling Green,5540,6123
2025-07-21,West 4 St-Wash Sq,7017,6986
2025-07-21,Astor Pl,6756,6393
2025-07-22,Times Sq-42 St,16898,16883
2025-07-22,Grand Central-42 St,16194,16610
2025-07-22,34 St-Penn Station,13307,13834
2025-07-22,14 St-Union Sq,4168,2994
2025-07-22,Fulton St,14582,14227
2025-07-22,42 St-Port Authority,12692,12873
2025-07-22,Herald Sq-34 St,12738,12310
2025-07-22,Canal St,7712,7123
2025-07-22,59 St-Columbus Circle,8410,8496
2025-07-22,125 St,8641,7863
2025-07-22,96 St,18207,18589
2025-07-22,86 St,15764,15314
2025-07-22,72 St,9244,9033
2025-07-22,66 St-Lincoln Center,11617,11384
2025-07-22,50 St,15985,15696
2025-07-22,28 St,14131,13251
2025-07-22,23 St,5566,6107
2025-07-22,Christopher St,15526,15671
2025-07-22,Houston St,15513,16102
2025-07-22,Spring St,12003,10698
2025-07-22,Chambers St,14799,13385
2025-07-22,Wall St,10632,10372
2025-07-22,Bowling Green,6461,5938
2025-07-22,West 4 St-Wash Sq,7608,6473
2025-07-22,Astor Pl,8596,8833
2025-07-23,Times Sq-42 St,17327,15777
2025-07-23,Grand Central-42 St,16306,15609
2025-07-23,34 St-Penn Station,10143,11099
2025-07-23,14 St-Union Sq,7191,7723
2025-07-23,Fulton St,14646,13779
2025-07-23,42 St-Port Authority,15357,15314
2025-07-23,Herald Sq-34 St,13012,12883
2025-07-23,Canal St,6395,5563
2025-07-23,59 St-Columbus Circle,6687,6796
2025-07-23,125 St,6924,6027
2025-07-23,96 St,17800,17779
2025-07-23,86 St,14006,14590
2025-07-23,72 St,14351,13399
2025-07-23,66 St-Lincoln Center,14515,14291
2025-07-23,50 St,17467,18036
2025-07-23,28 St,13100,13008
2025-07-23,23 St,6670,6585
2025-07-23,Christopher St,13318,12561
2025-07-23,Houston St,15820,15917
2025-07-23,Spring St,8406,8776
2025-07-23,Chambers St,13985,14361
2025-07-23,Wall St,9557,10665
2025-07-23,Bowling Green,6524,7431
2025-07-23,West 4 St-Wash Sq,5873,5574
2025-07-23,Astor Pl,6888,6195
2025-07-24,Times Sq-42 St,16369,16353
2025-07-24,Grand Central-42 St,16136,15352
2025-07-24,34 St-Penn Station,14214,14637
2025-07-24,14 St-Union Sq,4087,2560
2025-07-24,Fulton St,13404,12294
2025-07-24,42 St-Port Authority,11732,11260
2025-07-24,Herald Sq-34 St,13660,13991
2025-07-24,Canal St,4788,5073
2025-07-24,59 St-Columbus Circle,9379,10034
2025-07-24,125 St,9407,9293
2025-07-24,96 St,17262,17144
2025-07-24,86 St,17246,17040
2025-07-24,72 St,11873,11095
2025-07-24,66 St-Lincoln Center,11133,11539
2025-07-24,50 St,15098,15498
2025-07-24,28 St,9623,10753
2025-07-24,23 St,7661,7802
2025-07-24,Christopher St,14507,13384
2025-07-24,Houston St,16782,16818
2025-07-24,Spring St,8503,8387
2025-07-24,Chambers St,13277,12276
2025-07-24,Wall St,9919,9030
2025-07-24,Bowling Green,6034,6256
2025-07-24,West 4 St-Wash Sq,6898,7157
2025-07-24,Astor Pl,8421,9257
2025-07-25,Times Sq-42 St,14358,14024
2025-07-25,Grand Central-42 St,17833,17284
2025-07-25,34 St-Penn Station,15149,13331
2025-07-25,14 St-Union Sq,5733,6437
2025-07-25,Fulton St,15143,16007
2025-07-25,42 St-Port Authority,11278,11287
2025-07-25,Herald Sq-34 St,15071,15036
2025-07-25,Canal St,6319,6015
2025-07-25,59 St-Columbus Circle,5173,5496
2025-07-25,125 St,7414,7785
2025-07-25,96 St,14978,15538
2025-07-25,86 St,16961,18255
2025-07-25,72 St,11076,13360
2025-07-25,66 St-Lincoln Center,15826,14939
2025-07-25,50 St,18370,18889
2025-07-25,28 St,11190,11361
2025-07-25,23 St,7807,8547
2025-07-25,Christopher St,14531,14508
2025-07-25,Houston St,14064,14158
2025-07-25,Spring St,8876,8541
2025-07-25,Chambers St,16958,16974
2025-07-25,Wall St,6657,6572
2025-07-25,Bowling Green,5833,6517
2025-07-25,West 4 St-Wash Sq,6767,7851
2025-07-25,Astor Pl,6598,6680
2025-07-26,Times Sq-42 St,13195,12976
2025-07-26,Grand Central-42 St,16304,17621
2025-07-26,34 St-Penn Station,10540,11382
2025-07-26,14 St-Union Sq,5131,3990
2025-07-26,Fulton St,15974,14978
2025-07-26,42 St-Port Authority,10193,9912
2025-07-26,Herald Sq-34 St,12880,13541
2025-07-26,Canal St,5851,6294
2025-07-26,59 St-Columbus Circle,4289,5158
2025-07-26,125 St,6345,5621
2025-07-26,96 St,14307,13153
2025-07-26,86 St,18334,16909
2025-07-26,72 St,8207,6876
2025-07-26,66 St-Lincoln Center,13101,13797
2025-07-26,50 St,17292,17678
2025-07-26,28 St,10791,10640
2025-07-26,23 St,10695,10673
2025-07-26,Christopher St,12050,13006
2025-07-26,Houston St,17028,17733
2025-07-26,Spring St,11005,11512
2025-07-26,Chambers St,16747,17228
2025-07-26,Wall St,9639,8065
2025-07-26,Bowling Green,4389,4454
2025-07-26,West 4 St-Wash Sq,3411,3403
2025-07-26,Astor Pl,5742,7290
2025-07-27,Times Sq-42 St,14902,14925
2025-07-27,Grand Central-42 St,14132,13977
2025-07-27,34 St-Penn Station,18174,16708
2025-07-27,14 St-Union Sq,4019,3952
2025-07-27,Fulton St,12928,14250
2025-07-27,42 St-Port Authority,12676,13213
2025-07-27,Herald Sq-34 St,13095,12170
2025-07-27,Canal St,5374,5875
2025-07-27,59 St-Columbus Circle,8174,8180
2025-07-27,125 St,7271,7896
2025-07-27,96 St,14796,14430
2025-07-27,86 St,14132,13501
2025-07-27,72 St,8935,9458
2025-07-27,66 St-Lincoln Center,12849,12463
2025-07-27,50 St,16658,17142
2025-07-27,28 St,10025,10559
2025-07-27,23 St,8246,8147
2025-07-27,Christopher St,13374,12876
2025-07-27,Houston St,16189,16174
2025-07-27,Spring St,10803,11120
2025-07-27,Chambers St,18103,18557
2025-07-27,Wall St,10574,11255
2025-07-27,Bowling Green,6704,6108
2025-07-27,West 4 St-Wash Sq,5037,5509
2025-07-27,Astor Pl,8832,8346
2025-07-28,Times Sq-42 St,15815,15381
2025-07-28,Grand Central-42 St,16591,16900
2025-07-28,34 St-Penn Station,13968,13422
2025-07-28,14 St-Union Sq,5978,5978
2025-07-28,Fulton St,15244,14573
2025-07-28,42 St-Port Authority,9458,10673
2025-07-28,Herald Sq-34 St,12442,10966
2025-07-28,Canal St,5231,4364
2025-07-28,59 St-Columbus Circle,7870,7142
2025-07-28,125 St,8497,8676
2025-07-28,96 St,14264,15449
2025-07-28,86 St,17570,18010
2025-07-28,72 St,7481,7137
2025-07-28,66 St-Lincoln Center,11218,11527
2025-07-28,50 St,15232,15440
2025-07-28,28 St,14143,12904
2025-07-28,23 St,9740,10291
2025-07-28,Christopher St,12806,13992
2025-07-28,Houston St,16432,16797
2025-07-28,Spring St,11022,10356
2025-07-28,Chambers St,14675,14517
2025-07-28,Wall St,8538,9252
2025-07-28,Bowling Green,4329,4153
2025-07-28,West 4 St-Wash Sq,4088,3192
2025-07-28,Astor Pl,5692,6382
2025-07-29,Times Sq-42 St,15813,14948
2025-07-29,Grand Central-42 St,13927,13651
2025-07-29,34 St-Penn Station,12351,12441
2025-07-29,14 St-Union Sq,6340,5194
2025-07-29,Fulton St,15342,15563
2025-07-29,42 St-Port Authority,11777,11271
2025-07-29,Herald Sq-34 St,14022,13239
2025-07-29,Canal St,6087,6219
2025-07-29,59 St-Columbus Circle,6254,6615
2025-07-29,125 St,8512,7169
2025-07-29,96 St,15730,17035
2025-07-29,86 St,14175,14382
2025-07-29,72 St,9823,9736
2025-07-29,66 St-Lincoln Center,12132,12883
2025-07-29,50 St,17748,18515
2025-07-29,28 St,10365,10655
2025-07-29,23 St,10213,9579
2025-07-29,Christopher St,12231,12167
2025-07-29,Houston St,15543,15693
2025-07-29,Spring St,10074,10804
2025-07-29,Chambers St,15714,15649
2025-07-29,Wall St,10941,10807
2025-07-29,Bowling Green,5350,6495
2025-07-29,West 4 St-Wash Sq,3378,2977
2025-07-29,Astor Pl,6839,6495
2025-07-30,Times Sq-42 St,16354,16554
2025-07-30,Grand Central-42 St,13180,13009
2025-07-30,34 St-Penn Station,13463,12587
2025-07-30,14 St-Union Sq,4843,3383
2025-07-30,Fulton St,14562,14633
2025-07-30,42 St-Port Authority,13810,12983
2025-07-30,Herald Sq-34 St,14248,14746
2025-07-30,Canal St,6679,6449
2025-07-30,59 St-Columbus Circle,5042,5201
2025-07-30,125 St,8152,6875
2025-07-30,96 St,16536,15997
2025-07-30,86 St,16064,16282
2025-07-30,72 St,10370,10601
2025-07-30,66 St-Lincoln Center,12723,12456
2025-07-30,50 St,23869,24653
2025-07-30,28 St,12096,12407
2025-07-30,23 St,5972,6126
2025-07-30,Christopher St,10396,10582
2025-07-30,Houston St,13238,14430
2025-07-30,Spring St,11197,10456
2025-07-30,Chambers St,14192,14349
2025-07-30,Wall St,9035,8688
2025-07-30,Bowling Green,7256,7375
2025-07-30,West 4 St-Wash Sq,4513,5673
2025-07-30,Astor Pl,4347,5197
2025-07-31,Times Sq-42 St,13552,14279
2025-07-31,Grand Central-42 St,15742,15053
2025-07-31,34 St-Penn Station,13007,12784
2025-07-31,14 St-Union Sq,4511,5320
2025-07-31,Fulton St,16548,17302
2025-07-31,42 St-Port Authority,12849,12884
2025-07-31,Herald Sq-34 St,14218,13922
2025-07-31,Canal St,3922,3824
2025-07-31,59 St-Columbus Circle,6048,6998
2025-07-31,125 St,10199,9594
2025-07-31,96 St,15547,14790
2025-07-31,86 St,16001,16687
2025-07-31,72 St,9309,9860
2025-07-31,66 St-Lincoln Center,15436,14721
2025-07-31,50 St,17972,17786
2025-07-31,28 St,12674,12605
2025-07-31,23 St,9581,8539
2025-07-31,Christopher St,14972,14392
2025-07-31,Houston St,15227,15157
2025-07-31,Spring St,9276,9793
2025-07-31,Chambers St,13238,13889
2025-07-31,Wall St,7974,8593
2025-07-31,Bowling Green,4232,5336
2025-07-31,West 4 St-Wash Sq,6152,6680
2025-07-31,Astor Pl,7506,8188
2025-08-01,Times Sq-42 St,17503,17545
2025-08-01,Grand Central-42 St,16155,16295
2025-08-01,34 St-Penn Station,11718,12341
2025-08-01,14 St-Union Sq,6853,5350
2025-08-01,Fulton St,15661,17007
2025-08-01,42 St-Port Authority,11140,11004
2025-08-01,Herald Sq-34 St,11238,12102
2025-08-01,Canal St,4919,4486
2025-08-01,59 St-Columbus Circle,8834,8520
2025-08-01,125 St,7285,6674
2025-08-01,96 St,18022,17261
2025-08-01,86 St,15597,14416
2025-08-01,72 St,7914,7452
2025-08-01,66 St-Lincoln Center,14442,13472
2025-08-01,50 St,15053,15787
2025-08-01,28 St,10744,10008
2025-08-01,23 St,5501,6628
2025-08-01,Christopher St,11654,11053
2025-08-01,Houston St,14721,14067
2025-08-01,Spring St,8762,8601
2025-08-01,Chambers St,14305,14224
2025-08-01,Wall St,7080,7424
2025-08-01,Bowling Green,7042,6314
2025-08-01,West 4 St-Wash Sq,5203,4828
2025-08-01,Astor Pl,7977,9031
2025-08-02,Times Sq-42 St,15968,16118
2025-08-02,Grand Central-42 St,16916,15935
2025-08-02,34 St-Penn Station,13930,14576
2025-08-02,14 St-Union Sq,3918,3889
2025-08-02,Fulton St,14408,13394
2025-08-02,42 St-Port Authority,12249,11980
2025-08-02,Herald Sq-34 St,14928,13991
2025-08-02,Canal St,6031,5986
2025-08-02,59 St-Columbus Circle,7510,7041
2025-08-02,125 St,8436,8452
2025-08-02,96 St,17460,16860
2025-08-02,86 St,14865,15041
2025-08-02,72 St,11771,10825
2025-08-02,66 St-Lincoln Center,14525,13853
2025-08-02,50 St,15324,16918
2025-08-02,28 St,11391,10466
2025-08-02,23 St,7116,7271
2025-08-02,Christopher St,12024,11982
2025-08-02,Houston St,14659,15941
2025-08-02,Spring St,11091,10736
2025-08-02,Chambers St,14710,14399
2025-08-02,Wall St,9181,9242
2025-08-02,Bowling Green,5681,5675
2025-08-02,West 4 St-Wash Sq,2626,2967
2025-08-02,Astor Pl,9142,9807
2025-08-03,Times Sq-42 St,12417,13186
2025-08-03,Grand Central-42 St,14552,15150
2025-08-03,34 St-Penn Station,10963,11764
2025-08-03,14 St-Union Sq,7466,7254
2025-08-03,Fulton St,17231,17643
2025-08-03,42 St-Port Authority,12628,12720
2025-08-03,Herald Sq-34 St,10610,11150
2025-08-03,Canal St,2662,2687
2025-08-03,59 St-Columbus Circle,8257,7885
2025-08-03,125 St,7864,7156
2025-08-03,96 St,17114,17856
2025-08-03,86 St,14930,14859
2025-08-03,72 St,8095,7866
2025-08-03,66 St-Lincoln Center,12002,13387
2025-08-03,50 St,17512,17831
2025-08-03,28 St,11592,12389
2025-08-03,23 St,6070,6150
2025-08-03,Christopher St,12407,12539
2025-08-03,Houston St,16652,16181
2025-08-03,Spring St,11913,13139
2025-08-03,Chambers St,16320,16752
2025-08-03,Wall St,8141,8250
2025-08-03,Bowling Green,7781,6801
2025-08-03,West 4 St-Wash Sq,7682,7159
2025-08-03,Astor Pl,7583,8092
2025-08-04,Times Sq-42 St,15978,16630
2025-08-04,Grand Central-42 St,17562,17353
2025-08-04,34 St-Penn Station,14864,15377
2025-08-04,14 St-Union Sq,6140,6147
2025-08-04,Fulton St,14217,14581
2025-08-04,42 St-Port Authority,14327,14128
2025-08-04,Herald Sq-34 St,11507,11713
2025-08-04,Canal St,5454,4336
2025-08-04,59 St-Columbus Circle,6420,7001
2025-08-04,125 St,8208,8920
2025-08-04,96 St,14429,14491
2025-08-04,86 St,17419,16157
2025-08-04,72 St,7427,9021
2025-08-04,66 St-Lincoln Center,12048,10452
2025-08-04,50 St,19322,18926
2025-08-04,28 St,10243,10112
2025-08-04,23 St,7076,7245
2025-08-04,Christopher St,11969,11292
2025-08-04,Houston St,14594,14928
2025-08-04,Spring St,12945,12493
2025-08-04,Chambers St,16309,17392
2025-08-04,Wall St,10542,10907
2025-08-04,Bowling Green,7300,7321
2025-08-04,West 4 St-Wash Sq,6613,7947
2025-08-04,Astor Pl,7579,6100
2025-08-05,Times Sq-42 St,13175,14073
2025-08-05,Grand Central-42 St,13737,14380
2025-08-05,34 St-Penn Station,14136,14191
2025-08-05,14 St-Union Sq,6047,6969
2025-08-05,Fulton St,13914,13982
2025-08-05,42 St-Port Authority,10696,9487
2025-08-05,Herald Sq-34 St,15467,15357
2025-08-05,Canal St,3663,3768
2025-08-05,59 St-Columbus Circle,8862,7899
2025-08-05,125 St,8603,7018
2025-08-05,96 St,16672,16150
2025-08-05,86 St,16799,16596
2025-08-05,72 St,9342,9000
2025-08-05,66 St-Lincoln Center,10932,10867
2025-08-05,50 St,23113,22740
2025-08-05,28 St,10706,9847
2025-08-05,23 St,7578,8080
2025-08-05,Christopher St,14790,15916
2025-08-05,Houston St,18264,17828
2025-08-05,Spring St,10588,10975
2025-08-05,Chambers St,16247,17304
2025-08-05,Wall St,10345,9683
2025-08-05,Bowling Green,6531,6772
2025-08-05,West 4 St-Wash Sq,3803,2882
2025-08-05,Astor Pl,8034,8677
2025-08-06,Times Sq-42 St,15963,17283
2025-08-06,Grand Central-42 St,14176,13526
2025-08-06,34 St-Penn Station,11935,10661
2025-08-06,14 St-Union Sq,5303,5176
2025-08-06,Fulton St,17110,17016
2025-08-06,42 St-Port Authority,10359,9335
2025-08-06,Herald Sq-34 St,14107,14319
2025-08-06,Canal St,3042,3245
2025-08-06,59 St-Columbus Circle,7750,8683
2025-08-06,125 St,6823,5685
2025-08-06,96 St,14702,14396
2025-08-06,86 St,16491,16474
2025-08-06,72 St,9534,8642
2025-08-06,66 St-Lincoln Center,21214,22993
2025-08-06,50 St,16241,16277
2025-08-06,28 St,9884,10867
2025-08-06,23 St,9792,9278
2025-08-06,Christopher St,13726,13338
2025-08-06,Houston St,15005,15011
2025-08-06,Spring St,8542,7521
2025-08-06,Chambers St,15671,15307
2025-08-06,Wall St,9232,8504
2025-08-06,Bowling Green,5479,5244
2025-08-06,West 4 St-Wash Sq,5054,4491
2025-08-06,Astor Pl,7819,6642
2025-08-07,Times Sq-42 St,12083,12418
2025-08-07,Grand Central-42 St,14569,13773
2025-08-07,34 St-Penn Station,13971,15023
2025-08-07,14 St-Union Sq,4581,4289
2025-08-07,Fulton St,13740,14203
2025-08-07,42 St-Port Authority,10461,10135
2025-08-07,Herald Sq-34 St,11483,11519
2025-08-07,Canal St,3287,3550
2025-08-07,59 St-Columbus Circle,8280,9482
2025-08-07,125 St,5221,6104
2025-08-07,96 St,15713,14953
2025-08-07,86 St,15922,15985
2025-08-07,72 St,10088,10543
2025-08-07,66 St-Lincoln Center,14655,15380
2025-08-07,50 St,18376,18490
2025-08-07,28 St,11138,12455
2025-08-07,23 St,9089,8614
2025-08-07,Christopher St,11248,12120
2025-08-07,Houston St,16818,16093
2025-08-07,Spring St,12832,11577
2025-08-07,Chambers St,14062,12551
2025-08-07,Wall St,8241,8666
2025-08-07,Bowling Green,4580,4728
2025-08-07,West 4 St-Wash Sq,6879,7257
2025-08-07,Astor Pl,7837,6248
2025-08-08,Times Sq-42 St,17306,16403
2025-08-08,Grand Central-42 St,14524,13479
2025-08-08,34 St-Penn Station,16785,17190
2025-08-08,14 St-Union Sq,6682,5992
2025-08-08,Fulton St,15240,15205
2025-08-08,42 St-Port Authority,10637,10596
2025-08-08,Herald Sq-34 St,12458,11816
2025-08-08,Canal St,7868,6529
2025-08-08,59 St-Columbus Circle,5632,6518
2025-08-08,125 St,8937,8644
2025-08-08,96 St,16347,16294
2025-08-08,86 St,14747,13820
2025-08-08,72 St,9303,8908
2025-08-08,66 St-Lincoln Center,12488,11882
2025-08-08,50 St,17806,18916
2025-08-08,28 St,13674,13396
2025-08-08,23 St,6722,6637
2025-08-08,Christopher St,13402,12909
2025-08-08,Houston St,17563,16554
2025-08-08,Spring St,10466,11391
2025-08-08,Chambers St,14191,15386
2025-08-08,Wall St,9864,9890
2025-08-08,Bowling Green,5954,6591
2025-08-08,West 4 St-Wash Sq,6938,7095
2025-08-08,Astor Pl,7851,8096
2025-08-09,Times Sq-42 St,12281,13713
2025-08-09,Grand Central-42 St,21984,21839
2025-08-09,34 St-Penn Station,11373,11792
2025-08-09,14 St-Union Sq,10266,9283
2025-08-09,Fulton St,14050,15066
2025-08-09,42 St-Port Authority,12216,11246
2025-08-09,Herald Sq-34 St,13315,12835
2025-08-09,Canal St,4978,6364
2025-08-09,59 St-Columbus Circle,4540,3568
2025-08-09,125 St,9346,8303
2025-08-09,96 St,15971,15435
2025-08-09,86 St,15365,14646
2025-08-09,72 St,11639,11496
2025-08-09,66 St-Lincoln Center,13522,14168
2025-08-09,50 St,16326,15332
2025-08-09,28 St,12374,12007
2025-08-09,23 St,6424,7348
2025-08-09,Christopher St,16018,15166
2025-08-09,Houston St,13998,13803
2025-08-09,Spring St,11012,11275
2025-08-09,Chambers St,17490,16870
2025-08-09,Wall St,7136,7086
2025-08-09,Bowling Green,7668,7820
2025-08-09,West 4 St-Wash Sq,2944,3889
2025-08-09,Astor Pl,9531,9641
2025-08-10,Times Sq-42 St,15879,16148
2025-08-10,Grand Central-42 St,18100,18179
2025-08-10,34 St-Penn Station,11784,12549
2025-08-10,14 St-Union Sq,4214,3731
2025-08-10,Fulton St,16425,17292
2025-08-10,42 St-Port Authority,13116,12990
2025-08-10,Herald Sq-34 St,11596,12491
2025-08-10,Canal St,2285,2319
2025-08-10,59 St-Columbus Circle,8181,8118
2025-08-10,125 St,7505,7032
2025-08-10,96 St,18123,17994
2025-08-10,86 St,14628,13424
2025-08-10,72 St,9405,9642
2025-08-10,66 St-Lincoln Center,10581,11680
2025-08-10,50 St,14949,14888
2025-08-10,28 St,11068,11468
2025-08-10,23 St,6111,7283
2025-08-10,Christopher St,15046,14588
2025-08-10,Houston St,17302,16556
2025-08-10,Spring St,10651,11084
2025-08-10,Chambers St,13803,14720
2025-08-10,Wall St,7870,8002
2025-08-10,Bowling Green,3449,3838
2025-08-10,West 4 St-Wash Sq,5177,4018
2025-08-10,Astor Pl,5095,5149
2025-08-11,Times Sq-42 St,15930,14403
2025-08-11,Grand Central-42 St,17254,15878
2025-08-11,34 St-Penn Station,12255,12424
2025-08-11,14 St-Union Sq,5095,5961
2025-08-11,Fulton St,17149,16482
2025-08-11,42 St-Port Authority,9664,10412
2025-08-11,Herald Sq-34 St,14957,16354
2025-08-11,Canal St,5429,6434
2025-08-11,59 St-Columbus Circle,6756,7932
2025-08-11,125 St,6223,5767
2025-08-11,96 St,16455,16789
2025-08-11,86 St,16149,15295
2025-08-11,72 St,8431,8692
2025-08-11,66 St-Lincoln Center,15611,15495
2025-08-11,50 St,29084,29890
2025-08-11,28 St,11781,12266
2025-08-11,23 St,8178,8108
2025-08-11,Christopher St,13810,14976
2025-08-11,Houston St,24974,24715
2025-08-11,Spring St,7399,8247
2025-08-11,Chambers St,13181,14401
2025-08-11,Wall St,7733,7737
2025-08-11,Bowling Green,7714,7416
2025-08-11,West 4 St-Wash Sq,5722,5600
2025-08-11,Astor Pl,5828,6150
2025-08-12,Times Sq-42 St,14338,13619
2025-08-12,Grand Central-42 St,16921,17076
2025-08-12,34 St-Penn Station,11876,12291
2025-08-12,14 St-Union Sq,4456,4898
2025-08-12,Fulton St,13325,13644
2025-08-12,42 St-Port Authority,10244,10586
2025-08-12,Herald Sq-34 St,14266,14965
2025-08-12,Canal St,6604,6119
2025-08-12,59 St-Columbus Circle,5280,4314
2025-08-12,125 St,9624,8617
2025-08-12,96 St,13458,14568
2025-08-12,86 St,16541,16254
2025-08-12,72 St,9809,8683
2025-08-12,66 St-Lincoln Center,12388,12005
2025-08-12,50 St,16794,16914
2025-08-12,28 St,11534,11751
2025-08-12,23 St,8912,9283
2025-08-12,Christopher St,14478,14597
2025-08-12,Houston St,15112,15403
2025-08-12,Spring St,10720,9517
2025-08-12,Chambers St,14857,15006
2025-08-12,Wall St,7493,8459
2025-08-12,Bowling Green,11839,10510
2025-08-12,West 4 St-Wash Sq,4163,2932
2025-08-12,Astor Pl,6325,5622
2025-08-13,Times Sq-42 St,13056,14132
2025-08-13,Grand Central-42 St,15524,15431
2025-08-13,34 St-Penn Station,21681,20673
2025-08-13,14 St-Union Sq,4579,4373
2025-08-13,Fulton St,14296,13444
2025-08-13,42 St-Port Authority,11206,10931
2025-08-13,Herald Sq-34 St,13084,13012
2025-08-13,Canal St,6685,5121
2025-08-13,59 St-Columbus Circle,6417,7403
2025-08-13,125 St,7723,7411
2025-08-13,96 St,14248,14942
2025-08-13,86 St,16232,15858
2025-08-13,72 St,9133,9190
2025-08-13,66 St-Lincoln Center,11529,12448
2025-08-13,50 St,19236,17874
2025-08-13,28 St,11169,10689
2025-08-13,23 St,9183,9322
2025-08-13,Christopher St,13589,13755
2025-08-13,Houston St,15081,14840
2025-08-13,Spring St,12144,12400
2025-08-13,Chambers St,15024,15519
2025-08-13,Wall St,6714,7846
2025-08-13,Bowling Green,5932,4973
2025-08-13,West 4 St-Wash Sq,6038,6949
2025-08-13,Astor Pl,5710,6561
2025-08-14,Times Sq-42 St,16819,18204
2025-08-14,Grand Central-42 St,16640,16069
2025-08-14,34 St-Penn Station,11928,11182
2025-08-14,14 St-Union Sq,3338,4477
2025-08-14,Fulton St,14039,14058
2025-08-14,42 St-Port Authority,12927,12485
2025-08-14,Herald Sq-34 St,15625,14340
2025-08-14,Canal St,7135,6737
2025-08-14,59 St-Columbus Circle,5437,5667
2025-08-14,125 St,8996,10028
2025-08-14,96 St,16417,16049
2025-08-14,86 St,16760,16347
2025-08-14,72 St,7784,8317
2025-08-14,66 St-Lincoln Center,13214,13849
2025-08-14,50 St,17773,17680
2025-08-14,28 St,13839,14426
2025-08-14,23 St,7174,7523
2025-08-14,Christopher St,12569,12481
2025-08-14,Houston St,18758,18545
2025-08-14,Spring St,12233,12431
2025-08-14,Chambers St,15303,16151
2025-08-14,Wall St,8659,7841
2025-08-14,Bowling Green,4956,4201
2025-08-14,West 4 St-Wash Sq,6142,6450
2025-08-14,Astor Pl,5891,7109